
[
  {
    "id": "BKG-1678886400000-abc12",
    "clientName": "John Doe",
    "clientEmail": "john.doe@example.com",
    "clientPhone": "555-1234",
    "serviceId": "companionship",
    "serviceName": "Companionship & Socialization",
    "requestedDate": "2024-08-15",
    "requestedTime": "10:00",
    "address": "123 Main St, Anytown, KY 41000",
    "notes": "Client enjoys board games and reading. Prefers a caregiver who is a good conversationalist.",
    "status": "Pending",
    "submittedAt": "2024-07-25T10:00:00.000Z"
  },
  {
    "id": "BKG-1678886500000-def34",
    "clientName": "Jane Smith",
    "clientEmail": "jane.smith@example.com",
    "clientPhone": "555-5678",
    "serviceId": "household-help",
    "serviceName": "Light Household Help",
    "requestedDate": "2024-08-16",
    "requestedTime": "12:00",
    "address": "456 Oak Ave, Anytown, KY 41001",
    "notes": "Allergies: peanuts. Prefers vegetarian meals. Needs help with laundry and light cleaning.",
    "status": "Approved",
    "submittedAt": "2024-07-26T11:30:00.000Z"
  },
  {
    "id": "BKG-1678886600000-ghi56",
    "clientName": "Robert Jones",
    "clientEmail": "robert.jones@example.com",
    "clientPhone": "555-9012",
    "serviceId": "personal-care",
    "serviceName": "Personal Care Assistance",
    "requestedDate": "2024-08-20",
    "requestedTime": "09:00",
    "address": "789 Pine Ln, Anytown, KY 41002",
    "notes": "Requires assistance with bathing and dressing. Mobility is limited.",
    "status": "Completed",
    "submittedAt": "2024-07-22T14:15:00.000Z"
  },
  {
    "id": "BKG-1678886700000-jkl78",
    "clientName": "Emily White",
    "clientEmail": "emily.white@example.com",
    "clientPhone": "555-3456",
    "serviceId": "specialized-care",
    "serviceName": "Specialized Care Support",
    "requestedDate": "2024-09-01",
    "requestedTime": "14:00",
    "address": "321 Maple Dr, Anytown, KY 41003",
    "notes": "Post-surgery recovery support needed for 2 weeks. Specific instructions from doctor will be provided.",
    "status": "Pending",
    "submittedAt": "2024-07-28T09:00:00.000Z"
  }
]
